state,facilitator_collects,seller_still_files,counts_toward_seller_nexus,threshold_usd,effective_date,citation_url,retrieved_at
AK,True,False,False,100000.0,2020-01-06,https://arsstc.org/,2026-05-20
AL,True,False,False,250000.0,2019-01-01,https://alison.legislature.state.al.us/code-of-alabama?section=40-23-199.2,2026-09-30
AR,True,False,False,100000.0,2019-07-01,https://arkleg.state.ar.us/Acts/FTPDocument?path=%2FACTS%2F2019R%2FPublic%2F&file=822.pdf&ddBienniumSession=2019%2F2019R,2026-09-30
AZ,True,False,False,100000.0,2019-10-01,https://www.azleg.gov/ars/42/05044.htm,2026-09-30
CA,True,True,True,500000.0,2019-10-01,https://www.cdtfa.ca.gov/industry/MPFAct.htm,2026-09-30
CO,True,False,False,100000.0,2019-10-01,https://leg.colorado.gov/sites/default/files/2019a_1240_signed.pdf,2026-09-30
CT,True,True,True,250000.0,2018-12-01,https://www.cga.ct.gov/current/pub/chap_219.htm,2026-09-30
DC,True,False,True,,2019-04-01,https://code.dccouncil.gov/us/dc/council/code/sections/47-2002.01a,2026-09-30
FL,True,False,False,100000.0,2021-07-01,https://www.leg.state.fl.us/statutes/index.cfm?App_mode=Display_Statute&URL=0200-0299/0212/Sections/0212.05965.html,2026-09-30
GA,True,False,False,100000.0,2020-04-01,https://dor.georgia.gov/media/35306/download,2026-09-30
HI,True,True,True,100000.0,2020-01-01,https://files.hawaii.gov/tax/legal/tir/tir19-03_rev2.pdf,2026-09-30
IA,True,True,True,100000.0,2019-01-01,https://www.legis.iowa.gov/docs/code/423.14A.pdf,2026-09-30
ID,True,True,True,100000.0,2019-06-01,https://legislature.idaho.gov/statutesrules/idstat/title63/t63ch36/sect63-3620E/,2026-09-30
IL,True,False,False,100000.0,2020-01-01,https://www.ilga.gov/Documents/legislation/ilcs/documents/003501050K2d.htm,2026-09-30
IN,True,False,False,100000.0,2019-07-01,https://www.in.gov/dor/files/sib89.pdf,2026-09-30
KS,True,False,True,100000.0,2021-07-01,https://www.ksrevenue.gov/taxnotices/notice21-14.pdf,2026-09-30
KY,True,True,True,100000.0,2019-07-01,https://apps.legislature.ky.gov/law/statutes/statute.aspx?id=58184,2026-09-30
LA,True,False,False,100000.0,2020-07-01,https://legis.la.gov/Legis/Law.aspx?d=1186690,2026-09-30
MA,True,False,False,100000.0,2019-10-01,https://malegislature.gov/Laws/GeneralLaws/PartI/TitleIX/Chapter64H/Section34,2026-09-30
MD,True,False,True,100000.0,2019-10-01,https://mgaleg.maryland.gov/mgawebsite/Laws/StatuteText?article=gtg&section=11-403.1&enactments=false,2026-09-30
ME,True,False,False,100000.0,2019-10-01,https://legislature.maine.gov/statutes/36/title36sec1754-B.html,2026-09-30
MI,True,False,True,100000.0,2020-01-01,https://www.legislature.mi.gov/Laws/MCL?objectName=mcl-205-52d,2026-09-30
MN,True,False,True,100000.0,2019-10-01,https://www.revenue.state.mn.us/sales-tax-marketplace-providers,2026-09-30
MO,True,False,True,100000.0,2023-01-01,https://revisor.mo.gov/main/OneSection.aspx?section=144.752,2026-09-30
MS,True,False,False,250000.0,2020-07-01,https://billstatus.ls.state.ms.us/documents/2020/pdf/HB/0300-0399/HB0379SG.pdf,2026-09-30
NC,True,False,True,100000.0,2020-02-01,https://www.ncleg.gov/EnactedLegislation/Statutes/HTML/BySection/Chapter_105/GS_105-164.8.html,2026-09-30
ND,True,False,True,100000.0,2019-10-01,https://www.tax.nd.gov/marketplace-facilitator,2026-09-30
NE,True,True,True,100000.0,2019-04-01,https://nebraskalegislature.gov/laws/statutes.php?statute=77-2701.13,2026-09-30
NJ,True,True,True,,2018-11-01,https://pub.njleg.gov/bills/2018/PL18/132_.PDF,2026-09-30
NM,True,True,False,100000.0,2019-07-01,https://realfile.tax.newmexico.gov/FYI-206.pdf,2026-09-30
NV,True,True,True,100000.0,2019-10-01,https://www.leg.state.nv.us/NRS/NRS-372.html,2026-09-30
NY,True,True,True,500000.0,2019-06-01,https://www.tax.ny.gov/pdf/memos/sales/m19-2-1s.pdf,2026-09-30
OH,True,False,True,100000.0,2019-08-01,https://codes.ohio.gov/ohio-revised-code/section-5741.01,2026-09-30
OK,True,False,False,10000.0,2018-07-01,https://www.oklegislature.gov/OK_Statutes/CompleteTitles/os68.rtf,2026-09-30
PA,True,False,False,100000.0,2019-07-01,https://www.palegis.us/statutes/unconsolidated/law-information/view-statute?txtType=PDF&SessYr=1971&SessInd=0&ActNum=0002.&chpt=2&subchpt=000.&sctn=1&subsctn=0,2026-09-30
RI,True,False,True,100000.0,2019-06-27,https://webserver.rilegislature.gov/Statutes/TITLE44/44-18.2/44-18.2-3.htm,2026-09-30
SC,True,False,True,100000.0,2019-04-26,https://www.scstatehouse.gov/code/t12c036.php,2026-09-30
SD,True,True,True,100000.0,2019-03-01,https://sdlegislature.gov/Statutes/10-65-5,2026-09-30
TN,True,False,False,100000.0,2020-10-01,https://www.tn.gov/content/dam/tn/revenue/documents/notices/sales/sales20-15.pdf,2026-09-30
TX,True,True,True,500000.0,2019-10-01,https://capitol.texas.gov/tlodocs/86R/billtext/html/HB01525F.htm,2026-09-30
UT,True,False,False,100000.0,2019-10-01,https://le.utah.gov/xcode/Title59/Chapter12/C59-12-S107.6_2025070120250507.html,2026-09-30
VA,True,False,False,100000.0,2019-07-01,https://law.lis.virginia.gov/vacode/title58.1/chapter6/section58.1-612.1/,2026-09-30
VT,True,False,True,100000.0,2019-06-01,https://legislature.vermont.gov/statutes/section/32/233/09701,2026-09-30
WA,True,True,True,100000.0,2018-10-01,https://dor.wa.gov/taxes-rates/retail-sales-tax/marketplace-fairness-leveling-playing-field/marketplace-facilitators,2026-09-30
WI,True,True,True,100000.0,2020-01-01,https://www.revenue.wi.gov/Pages/FAQS/ise-marketplace-providers.aspx,2026-09-30
WV,True,False,True,100000.0,2019-07-01,https://code.wvlegislature.gov/11-15A-6B/,2026-09-30
WY,True,False,True,100000.0,2019-07-01,https://wyoleg.gov/2019/Enroll/HB0069.pdf,2026-09-30
