state,sales_threshold,transaction_threshold,logic,measurement_period,effective_date,source_url,retrieved_at
AK,100000.0,,sales_only,current_or_prior_cy,2024-01-01,https://arsstc.org/,2026-08-04
AL,250000.0,,sales_only,current_or_prior_cy,2024-01-01,https://www.revenue.alabama.gov/sales-use/simplified-sellers-use-tax-ssut/,2026-08-04
AR,100000.0,200,sales_or_count,current_or_prior_cy,2024-01-01,https://www.dfa.arkansas.gov/excise-tax/sales-and-use-tax/remote-sellers/,2026-08-04
AZ,100000.0,,sales_only,current_or_prior_cy,2024-01-01,https://azdor.gov/business/transaction-privilege-tax/retail-sales-subject-tpt/out-state-sellers/economic-threshold,2026-08-04
CA,500000.0,,sales_only,current_or_prior_cy,2024-01-01,https://www.cdtfa.ca.gov/industry/wayfair.htm,2026-08-04
CO,100000.0,,sales_only,current_or_prior_cy,2024-01-01,https://tax.colorado.gov/retailers-out-of-state,2026-08-04
CT,100000.0,200,sales_and_count,current_or_prior_cy,2024-01-01,https://portal.ct.gov/DRS,2026-08-04
DC,100000.0,200,sales_or_count,current_or_prior_cy,2024-01-01,https://otr.cfo.dc.gov/,2026-08-04
FL,100000.0,,sales_only,current_or_prior_cy,2024-01-01,https://www.salestaxinstitute.com/resources/economic-nexus-state-guide,2026-08-04
GA,100000.0,200,sales_or_count,current_or_prior_cy,2024-01-01,https://www.salestaxinstitute.com/resources/economic-nexus-state-guide,2026-08-04
HI,100000.0,200,sales_or_count,current_or_prior_cy,2024-01-01,https://www.salestaxinstitute.com/resources/economic-nexus-state-guide,2026-08-04
IA,100000.0,,sales_only,current_or_prior_cy,2024-01-01,https://revenue.iowa.gov/taxes/tax-guidance/sales-use-excise-tax/remote-sellers-marketplace-facilitators,2026-08-04
ID,100000.0,,sales_only,current_or_prior_cy,2024-01-01,https://tax.idaho.gov/taxes/sales-use/guides-for-certain-groups/online-sellers/online-guide/,2026-08-04
IL,100000.0,,sales_only,current_or_prior_cy,2024-01-01,https://www.salestaxinstitute.com/resources/illinois-economic-nexus-update-no-transaction-threshold,2026-08-04
IN,100000.0,,sales_only,current_or_prior_cy,2024-01-01,https://www.in.gov/dor/files/sib89.pdf,2026-08-04
KS,100000.0,,sales_only,current_or_prior_cy,2024-01-01,https://www.salestaxinstitute.com/resources/kansas-enacts-economic-and-marketplace-nexus-legislation-following-veto-override,2026-08-04
KY,100000.0,,sales_only,current_or_prior_cy,2026-08-01,https://www.salestaxinstitute.com/resources/kentucky-removes-200-transaction-count-from-nexus-consideration,2026-08-04
LA,100000.0,,sales_only,current_or_prior_cy,2024-01-01,https://remotesellers.louisiana.gov/FAQ,2026-08-04
MA,100000.0,,sales_only,current_or_prior_cy,2024-01-01,https://www.salestaxinstitute.com/resources/economic-nexus-state-guide,2026-08-04
MD,100000.0,200,sales_or_count,current_or_prior_cy,2024-01-01,https://www.salestaxinstitute.com/resources/economic-nexus-state-guide,2026-08-04
ME,100000.0,,sales_only,current_or_prior_cy,2024-01-01,https://www.salestaxinstitute.com/resources/maine-enacts-economic-nexus-legislation,2026-08-04
MI,100000.0,200,sales_or_count,current_or_prior_cy,2024-01-01,https://www.salestaxinstitute.com/resources/economic-nexus-state-guide,2026-08-04
MN,100000.0,200,sales_or_count,current_or_prior_cy,2024-01-01,https://www.revenue.state.mn.us/sales-tax-faqs-remote-sellers,2026-08-04
MO,100000.0,,sales_only,current_or_prior_cy,2024-01-01,https://www.salestaxinstitute.com/resources/economic-nexus-state-guide,2026-08-04
MS,250000.0,,sales_only,current_or_prior_cy,2024-01-01,https://www.salestaxinstitute.com/resources/mississippi-issues-economic-nexus-rule,2026-08-04
NC,100000.0,,sales_only,current_or_prior_cy,2024-01-01,https://www.ncdor.gov/taxes-forms/sales-and-use-tax/other-sales-and-use-tax-resources/remote-sales,2026-08-04
ND,100000.0,,sales_only,current_or_prior_cy,2024-01-01,https://www.tax.nd.gov/sales-and-use-tax,2026-08-04
NE,100000.0,200,sales_or_count,current_or_prior_cy,2024-01-01,https://www.salestaxinstitute.com/resources/economic-nexus-state-guide,2026-08-04
NJ,100000.0,200,sales_or_count,current_or_prior_cy,2024-01-01,https://www.nj.gov/treasury/taxation/remotesellers.shtml,2026-08-04
NM,100000.0,,sales_only,current_or_prior_cy,2024-01-01,https://www.tax.newmexico.gov/businesses/determining-nexus/,2026-08-04
NV,100000.0,200,sales_or_count,current_or_prior_cy,2024-01-01,https://www.salestaxinstitute.com/resources/economic-nexus-state-guide,2026-08-04
NY,500000.0,100,sales_and_count,prior_4_quarters,2024-01-01,https://www.tax.ny.gov/pdf/notices/n19-1.pdf,2026-08-04
OH,100000.0,200,sales_or_count,current_or_prior_cy,2024-01-01,https://codes.ohio.gov/ohio-revised-code/section-5741.01,2026-08-04
OK,100000.0,,sales_only,current_or_prior_cy,2024-01-01,https://www.salestaxinstitute.com/resources/economic-nexus-state-guide,2026-08-04
PA,100000.0,,sales_only,current_or_prior_cy,2024-01-01,https://www.salestaxinstitute.com/resources/economic-nexus-state-guide,2026-08-04
RI,100000.0,200,sales_or_count,current_or_prior_cy,2024-01-01,https://tax.ri.gov/tax-sections/sales-excise/remote-sellers,2026-08-04
SC,100000.0,,sales_only,current_or_prior_cy,2024-01-01,https://dor.sc.gov/sites/dor/files/policies/RR18-14.pdf,2026-08-04
SD,100000.0,,sales_only,current_or_prior_cy,2024-01-01,https://www.salestaxinstitute.com/resources/south-dakota-drops-200-transaction-count-from-its-economic-nexus-threshold,2026-08-04
TN,100000.0,,sales_only,current_or_prior_cy,2024-01-01,https://www.salestaxinstitute.com/resources/economic-nexus-state-guide,2026-08-04
TX,500000.0,,sales_only,rolling_12_month,2024-01-01,https://comptroller.texas.gov/taxes/sales/remote-sellers.php,2026-08-04
UT,100000.0,,sales_only,current_or_prior_cy,2025-07-01,https://www.salestaxinstitute.com/resources/utah-economic-nexus-threshold-removed,2026-08-04
VA,100000.0,200,sales_or_count,current_or_prior_cy,2024-01-01,https://www.tax.virginia.gov/remote-sellers-marketplace-facilitators-economic-nexus,2026-08-04
VT,100000.0,200,sales_or_count,current_or_prior_cy,2024-01-01,https://tax.vermont.gov/business-and-corp/sales-and-use-tax/wayfair/faqs,2026-08-04
WA,100000.0,,sales_only,current_or_prior_cy,2024-01-01,https://dor.wa.gov/education/industry-guides/out-state-businesses-reporting-thresholds-and-nexus,2026-08-04
WI,100000.0,,sales_only,current_or_prior_cy,2024-01-01,https://www.revenue.wi.gov/Pages/Businesses/remote-sellers.aspx,2026-08-04
WV,100000.0,200,sales_or_count,current_or_prior_cy,2024-01-01,https://code.wvlegislature.gov/11-15A-6B/,2026-08-04
WY,100000.0,,sales_only,current_or_prior_cy,2024-01-01,https://www.salestaxinstitute.com/resources/wyoming-removes-200-transaction-threshold-from-economic-nexus-rules,2026-08-04
