state,rate_change_events,jurisdictions_changed,first_change,last_change,observation_window_days,annualized_change_rate
MO,568,248,2026-06-09,2026-10-01,141,1470.4
WA,504,459,2026-07-07,2026-10-01,141,1304.7
IL,422,303,2026-05-27,2026-09-22,141,1092.4
KS,37,36,2026-07-07,2026-10-01,141,95.8
AK,19,12,2026-09-29,2026-10-01,141,49.2
AL,18,16,2026-05-27,2026-10-06,141,46.6
CO,16,16,2026-07-21,2026-09-29,141,41.4
NM,14,14,2026-09-21,2026-09-21,141,36.2
OK,13,13,2026-07-07,2026-10-01,141,33.7
GA,11,11,2026-07-07,2026-10-01,141,28.5
AR,8,8,2026-07-07,2026-10-01,141,20.7
AZ,5,5,2026-07-07,2026-10-01,141,12.9
FL,4,4,2026-05-18,2026-09-21,141,10.4
UT,4,4,2026-07-07,2026-10-01,141,10.4
ND,3,3,2026-07-07,2026-10-01,141,7.8
TX,2,2,2026-07-28,2026-07-28,141,5.2
WY,2,1,2026-07-07,2026-10-01,141,5.2
LA,1,1,2026-09-29,2026-09-29,141,2.6
NE,1,1,2026-07-07,2026-07-07,141,2.6
OH,1,1,2026-10-01,2026-10-01,141,2.6
SD,1,1,2026-07-07,2026-07-07,141,2.6
TN,1,1,2026-08-04,2026-08-04,141,2.6
