state,rate,effective_date,source_url,retrieved_at
AL,0.04,2024-01-01,,2026-05-18
AR,0.065,2024-01-01,,2026-05-18
AZ,0.056,2024-01-01,,2026-05-18
CA,0.0725,2022-04-01,https://data.ca.gov/dataset/cdtfa-salesandusetaxrates-public,2026-05-18
CO,0.029,2024-01-01,,2026-05-18
CT,0.0635,2024-01-01,,2026-05-18
DC,0.06,2024-01-01,,2026-05-18
FL,0.06,2024-01-01,,2026-05-18
GA,0.04,2024-01-01,,2026-05-18
HI,0.04,2024-01-01,,2026-05-18
IA,0.06,2024-01-01,,2026-05-18
ID,0.06,2024-01-01,,2026-05-18
IL,0.0625,2024-01-01,,2026-05-18
IN,0.07,2024-01-01,,2026-05-18
KS,0.065,2024-01-01,,2026-05-18
KY,0.06,2024-01-01,,2026-05-18
LA,0.05,2024-01-01,,2026-05-18
MA,0.0625,2024-01-01,,2026-05-18
MD,0.06,2024-01-01,,2026-05-18
ME,0.055,2024-01-01,,2026-05-18
MI,0.06,2024-01-01,,2026-05-18
MN,0.06875,2024-01-01,,2026-05-18
MO,0.04225,2024-01-01,,2026-05-18
MS,0.07,2024-01-01,,2026-05-18
NC,0.0475,2024-01-01,,2026-05-18
ND,0.05,2024-01-01,,2026-05-18
NE,0.055,2024-01-01,,2026-05-18
NJ,0.06625,2024-01-01,,2026-05-18
NM,0.04875,2024-01-01,,2026-05-18
NV,0.0685,2024-01-01,,2026-05-18
NY,0.04,2024-01-01,,2026-05-18
OH,0.0575,2024-01-01,,2026-05-18
OK,0.045,2024-01-01,,2026-05-18
PA,0.06,2024-01-01,,2026-05-18
RI,0.07,2024-01-01,,2026-05-18
SC,0.06,2024-01-01,,2026-05-18
SD,0.042,2024-01-01,,2026-05-18
TN,0.07,2024-01-01,,2026-05-18
TX,0.0625,2026-04-01,https://comptroller.texas.gov/data/edi/sales-tax/taxrates.txt,2026-05-18
UT,0.0485,2024-01-01,,2026-05-18
VA,0.053,2024-01-01,,2026-05-18
VT,0.06,2024-01-01,,2026-05-18
WA,0.065,2024-01-01,,2026-05-18
WI,0.05,2024-01-01,,2026-05-18
WV,0.06,2024-01-01,,2026-05-18
WY,0.04,2024-01-01,,2026-05-18
